id,date,price,bedrooms,bathrooms,sqft_living,sqft_lot,floors,waterfront,view,condition,grade,sqft_above,sqft_basement,yr_built,yr_renovated
123039633,20140909T000000,359950,3,1.75,1570,6975,1,0,0,3,7,1040,530,1979,0
1233100710,20150416T000000,909950,5,3.75,3050,8972,2,0,0,3,9,3050,0,2014,0
5151600360,20150130T000000,318000,3,1.75,1570,12506,1,0,0,4,8,1570,0,1959,0
2868300061,20140918T000000,272000,4,1.75,1390,10660,1,0,0,4,7,1030,360,1960,0
7853302520,20150206T000000,475000,4,2.5,2320,10046,2,0,0,3,7,2320,0,2006,0
4217400420,20141124T000000,907000,3,1.5,1340,6000,1.5,0,1,3,9,1340,0,1927,0
3210200395,20140822T000000,279900,3,1,1280,12928,1.5,0,0,3,6,1280,0,1942,0
7843500090,20140822T000000,299500,4,2.5,2010,12085,2,0,0,3,8,2010,0,1986,0
9274204230,20140709T000000,410000,3,1.75,1660,6250,1,0,0,3,7,830,830,1980,0
3303860460,20150415T000000,499000,4,2.5,3100,5700,2,0,0,3,9,3100,0,2011,0
7853210050,20140707T000000,339000,3,2.5,1450,3748,2,0,0,3,7,1450,0,2004,0
3732800525,20140709T000000,3.00E+05,4,1.75,1820,5015,1,0,0,4,6,1190,630,1926,0
4249000230,20140829T000000,766000,3,2.5,2270,9822,2,0,0,3,9,2270,0,1988,0
5561401260,20141014T000000,508000,4,2.25,3320,53392,2,0,0,4,8,2000,1320,1986,0
4077800593,20140915T000000,355000,3,1,1360,8968,1,0,0,3,7,1360,0,1956,0
4187000190,20141117T000000,417000,3,2.5,2000,4500,2,0,0,3,7,2000,0,2010,0
4012800050,20140521T000000,175000,3,1.75,1230,13056,1,0,0,4,7,1230,0,1962,0
461005435,20150202T000000,519000,3,1.75,2000,5680,1,0,0,4,7,1080,920,1903,0
3888100133,20141014T000000,360000,3,1,1160,10988,1,0,0,3,7,1160,0,1965,0
6414600232,20150420T000000,535000,3,2.25,2050,6648,1,0,0,3,7,1230,820,1990,0
8106300840,20140721T000000,485000,3,2.5,2870,5490,2,0,0,3,9,2870,0,2008,0
8651430370,20150425T000000,150000,3,1,1240,5200,1,0,0,3,6,1240,0,1969,0
3420069065,20140825T000000,360000,4,1.75,3730,16980,1,0,0,4,7,2150,1580,1974,0
7138000170,20150102T000000,147500,3,1.5,1230,10125,1,0,0,3,7,1230,0,1960,0
853200040,20150428T000000,2408000,5,2.5,4600,23250,1.5,0,2,3,9,3600,1000,1918,2003
2570600140,20150128T000000,196000,3,2.25,1510,9600,1,0,0,1,7,1090,420,1966,0
1489300215,20141013T000000,1210000,4,3.25,3330,9000,2,0,0,3,9,2870,460,2004,0
3904920380,20150323T000000,578550,3,2.5,2120,6602,2,0,0,4,8,2120,0,1989,0
3616600250,20140527T000000,1600000,3,3.25,3790,19000,2,0,4,3,10,3790,0,1985,0
1326059182,20150406T000000,1089000,5,3.25,5600,107157,2,0,0,3,10,3440,2160,1988,0
9828702336,20150220T000000,610000,2,2,1210,740,2,0,0,3,8,780,430,2014,0
2474400250,20140630T000000,327500,3,2.25,2310,7200,2,0,0,3,8,2310,0,1990,0
8943600020,20150426T000000,260000,3,2.25,1413,3403,2,0,0,3,8,1413,0,2009,0
7214710300,20140716T000000,542126,4,2.5,2360,43088,2,0,0,3,8,2360,0,1977,0
6163900952,20141218T000000,357500,3,1.75,1630,9403,1,0,0,3,7,1630,0,1983,0
7784400070,20140722T000000,585000,3,1.75,1740,9500,1,0,3,4,8,1150,590,1958,0
1326049170,20140924T000000,280000,3,1,1720,9605,1,0,0,3,7,860,860,1969,0
5003600120,20150415T000000,320000,4,2.5,2110,6295,2,0,0,3,8,2110,0,2000,0
3904910010,20140723T000000,480000,3,2.5,1640,7847,2,0,0,3,8,1640,0,1987,0
2013802030,20140911T000000,357000,3,2,2460,53882,1,1,4,3,7,2460,0,1955,0
323059327,20140703T000000,1025000,4,3.5,4370,10860,2,0,0,3,11,4370,0,2008,0
3026079005,20141017T000000,640000,6,2,2840,228690,1.5,0,0,3,6,2720,120,1948,0
5014000100,20140924T000000,537000,4,2,1720,6413,1,0,0,4,7,860,860,1950,0
6411600069,20140521T000000,325000,3,1,990,6750,1,0,0,4,6,990,0,1947,0
8910500226,20150409T000000,370350,3,3.5,1340,1168,2,0,2,3,8,1080,260,2002,0
4233400480,20141124T000000,240000,3,2,1190,10299,1,0,0,3,7,1190,0,1994,0
9435300030,20140528T000000,550000,4,1,1660,34848,1,0,0,1,5,930,730,1933,0
2224069165,20140902T000000,801000,4,3.5,3290,8059,2,0,0,3,9,3290,0,2012,0
1604601225,20150420T000000,423500,3,2,1770,6000,1,0,3,3,7,1100,670,1984,0
263000291,20140904T000000,433500,3,1.75,1540,9450,1,0,0,4,6,1040,500,1919,0
9477201040,20141118T000000,430000,3,1.75,1810,7300,1,0,0,4,7,1240,570,1976,0
4356200120,20141023T000000,248000,1,1,790,12000,1,0,0,3,6,790,0,1918,0
3379100130,20140618T000000,507000,4,1.75,1770,9375,1,0,0,4,7,1170,600,1968,0
4229400015,20150507T000000,570000,3,1,1030,4089,1.5,0,0,3,7,1030,0,1927,0
8807600140,20150424T000000,405000,3,1,1280,11625,1,0,0,4,7,1280,0,1977,0
3886902505,20150311T000000,616300,3,2,1700,8400,2,0,2,3,7,1700,0,1927,0
6021501420,20140825T000000,571000,4,1,1350,4000,1.5,0,0,3,8,1350,0,1930,0
87000283,20141118T000000,359950,3,2.5,1980,7800,2,0,0,3,8,1980,0,1999,0
3530200160,20140603T000000,654950,4,2.5,2790,45902,2,0,0,3,9,2790,0,1987,0
1999600320,20150304T000000,729000,3,2.5,2480,7428,2,0,0,3,9,2480,0,1990,0
8910500150,20140529T000000,329932,3,1.5,1460,5040,1,0,0,3,7,1100,360,1971,0
2487200680,20150224T000000,447000,2,1,720,7500,1,0,2,3,6,720,0,1925,0
8644300200,20140605T000000,555000,4,2.75,2020,10720,1,0,0,4,8,1420,600,1976,0
3343900781,20141027T000000,299000,3,1.5,1190,9135,1,0,0,4,7,1190,0,1959,0
2141330700,20140522T000000,555000,4,2.25,2350,8140,1,0,0,4,8,1430,920,1977,0
2641800060,20150427T000000,239000,3,1,940,8571,1,0,0,3,6,940,0,1950,0
8078460810,20141210T000000,620000,4,2.5,2580,7465,2,0,0,3,8,2580,0,1993,0
3243100080,20150501T000000,270000,3,1,1130,7920,1,0,0,3,7,1130,0,1961,0
5104532030,20150306T000000,515000,4,3.5,3400,5222,2,0,0,3,9,3400,0,2005,0
1441800250,20150126T000000,440000,4,2.25,2080,15750,1,0,0,3,8,1460,620,1976,0
2123049086,20140807T000000,210000,2,0.75,840,49658,1,0,0,2,6,840,0,1948,0
844001052,20150128T000000,365000,4,2.5,1904,8200,2,0,0,5,7,1904,0,1999,0
7604410030,20150121T000000,375000,4,2.75,1890,5240,1,0,0,3,7,980,910,1981,0
5104200380,20141014T000000,265000,3,1,1010,14948,1,0,0,5,6,1010,0,1969,0
9525600030,20150428T000000,631500,2,2.5,1780,2493,3,0,0,3,8,1780,0,1981,0
2013801086,20150513T000000,245000,3,1.5,1340,7391,1,0,0,4,7,1340,0,1966,0
1180002735,20141119T000000,269000,2,1.5,1010,6000,1,0,0,4,7,1010,0,1923,0
11501310,20141121T000000,715000,3,3.25,3060,9055,2,0,0,3,10,2460,600,1994,0
7211400535,20150323T000000,275500,4,1,1290,5000,1.5,0,0,3,7,1290,0,1957,0
203400090,20140729T000000,740000,4,3.5,3760,57063,2,0,0,3,9,2950,810,1998,0
5437600010,20150406T000000,304000,3,2.5,1670,5298,2,0,0,3,8,1670,0,2002,0
5490700100,20141208T000000,310000,3,1,1210,7649,1,0,0,4,7,1210,0,1956,0
2028701000,20140529T000000,635200,4,1.75,1640,4240,1,0,0,5,7,920,720,1921,0
1048000160,20140627T000000,504200,2,1.5,1200,1687,3,0,0,3,8,1200,0,2008,0
290200230,20140819T000000,676000,4,2.5,2800,5368,2,0,0,3,8,2800,0,2003,0
7952800010,20140519T000000,475000,4,2.5,3060,10043,1,0,0,4,8,1700,1360,1968,0
2025700180,20141120T000000,3.00E+05,3,2.25,1760,5421,2,0,0,3,7,1760,0,1991,0
2624049167,20150423T000000,461550,3,1.5,2090,11895,1,0,0,3,7,1790,300,1954,0
3331001165,20140926T000000,305000,3,1,820,5150,1,0,0,5,6,820,0,1918,0
8965410150,20140825T000000,962800,4,2.5,3780,23623,2,0,0,3,9,3780,0,1997,0
7889600285,20141218T000000,315000,3,2.5,1950,3000,2,0,0,3,7,1950,0,2001,0
579002600,20141001T000000,660000,3,1.75,1750,5200,1,0,1,4,8,1750,0,1956,0
375000165,20140723T000000,991700,4,3,2290,2350,2,0,1,3,9,1610,680,1924,2011
6190500380,20141027T000000,546200,3,2.5,2678,6607,2,0,0,3,9,2678,0,1998,0
5437820020,20140807T000000,195000,3,1.75,1580,7875,1,0,0,3,7,1580,0,1979,0
2895730540,20141210T000000,929000,5,3.25,4150,7100,2,0,0,3,10,4150,0,2013,0
2599001500,20140712T000000,235000,3,1.75,1420,7920,1,0,0,4,7,1420,0,1962,0
4136920030,20140524T000000,347000,4,1.5,2670,10026,2,0,0,3,8,2670,0,1996,0
3362400431,20140626T000000,518500,3,3.5,1590,1102,3,0,0,3,8,1590,0,2010,0
476000331,20141202T000000,505500,3,2.5,1300,1187,3,0,0,3,8,1300,0,2005,0
9276202190,20140808T000000,545000,6,1.75,1820,6250,1,0,0,3,7,1130,690,1954,0
7224000315,20140723T000000,256000,3,1,880,5375,1,0,0,4,5,880,0,1924,0
1152700020,20141226T000000,370000,4,2.5,2650,5706,2,0,0,3,9,2650,0,2005,0
643300040,20150313T000000,719521,4,1.75,1920,9500,1,0,0,4,7,1470,450,1966,0
1912100882,20140730T000000,482000,2,2.25,1350,1248,2,0,0,3,7,1180,170,2000,0
617000089,20141117T000000,274000,2,1,820,6200,1,0,0,4,6,820,0,1954,0
9482700455,20141021T000000,696500,4,2.75,2540,4400,1.5,0,0,5,7,1630,910,1925,0
9438300035,20140827T000000,355000,3,1.75,2040,8173,1,0,0,3,7,1470,570,1958,0
2767602945,20140625T000000,5.00E+05,3,1.5,1190,4750,1,0,0,3,7,970,220,1940,0
7934000145,20141201T000000,450000,4,2.75,2900,6400,2,0,0,3,7,2040,860,1911,1970
8682230400,20140507T000000,428000,2,2,1350,3900,1,0,0,3,8,1350,0,2003,0
9433000460,20141007T000000,779950,4,2.75,2990,4298,2,0,0,3,9,2990,0,2014,0
7625701386,20140516T000000,430000,3,1.75,2150,4333,1,0,0,3,7,1200,950,1956,0
621069074,20140603T000000,365000,3,2.5,1720,99916,2,0,0,4,7,1720,0,1990,0
9358001732,20150428T000000,4.00E+05,3,2.5,1390,2815,2,0,0,3,8,1390,0,1999,0
5561100180,20141107T000000,645000,5,2.25,3340,52476,2,0,0,4,8,3340,0,1975,0
9455200445,20150325T000000,601000,3,1.75,1330,6743,1,0,0,3,8,1330,0,1958,2002
3438503045,20150120T000000,165000,2,1,780,6380,1,0,0,3,6,780,0,1947,0
7431500280,20141110T000000,959750,4,3,3060,50002,1,0,2,4,8,2460,600,1957,0
3271800850,20140806T000000,765000,3,1.75,2440,5800,1,0,3,4,8,1320,1120,1945,0
9521100106,20140826T000000,440000,4,1,1780,4000,1.5,0,0,3,7,1780,0,1922,0
9346930250,20140926T000000,668500,4,2.25,2290,9546,1,0,0,4,8,1780,510,1976,0
2781230020,20141209T000000,398500,4,2.5,2820,6666,2,0,0,3,9,2820,0,2007,0
4221250340,20150409T000000,625000,3,2.5,2280,4757,2,0,0,3,8,2280,0,2003,0
280610020,20140902T000000,825000,4,3.25,4110,14219,2,0,2,4,10,2570,1540,1979,0
3293700221,20141021T000000,280000,3,1,1260,7660,1,0,0,3,6,1260,0,1947,0
2413300240,20141110T000000,280000,4,2.25,1990,7350,1,0,0,4,8,1180,810,1978,0
1786630160,20140711T000000,344200,4,2.5,2490,5812,2,0,0,3,8,2490,0,2000,0
1737300130,20141222T000000,610000,6,2.5,3610,12033,2,0,0,3,8,3210,400,1970,0
9830200475,20150323T000000,525000,3,3.25,2200,7440,2,0,0,4,7,1710,490,1947,0
2024069128,20141110T000000,1030000,3,2.5,3545,9816,1,0,0,3,10,2610,935,2005,0
1552800280,20140918T000000,298950,5,2.25,2300,11505,1,0,0,3,8,1300,1000,1963,0
8062900030,20140715T000000,275000,3,1.75,1300,8099,1,0,0,4,7,1080,220,1976,0
1965200010,20141110T000000,6.00E+05,2,1,1110,3500,1.5,0,0,3,6,970,140,1912,0
9406700180,20150416T000000,419000,4,2.5,3190,4980,2,0,0,3,9,3190,0,2005,0
7227501645,20140603T000000,230000,3,2,1440,5600,1,0,0,4,6,720,720,1942,2007
2112701165,20150408T000000,285000,4,1,1430,3600,1,0,0,3,6,980,450,1947,0
3885804390,20150421T000000,1500000,4,3.25,3470,5222,2,0,0,3,10,2830,640,2005,0
9319800050,20150421T000000,790000,4,2.5,2650,5000,2,0,0,3,8,2650,0,2007,0
2768100545,20140908T000000,499000,3,1.5,1260,3135,1,0,0,4,7,780,480,1944,0
8001100030,20150102T000000,256000,3,2.5,1570,5113,1,0,0,3,7,1090,480,1996,0
5647900930,20141215T000000,195000,3,1,1070,22489,1,0,0,3,7,1070,0,1967,0
9348700490,20150410T000000,899000,4,2.5,3540,9349,2,0,0,3,10,3540,0,2003,0
9526600090,20150424T000000,750000,4,2.5,2680,4548,2,0,0,3,8,2680,0,2009,0
8682262190,20150319T000000,480000,2,2,1350,4220,1,0,0,3,8,1350,0,2004,0
8857310010,20141219T000000,268500,2,1.5,1290,1749,1,0,0,3,8,660,630,1969,0
8563030280,20140513T000000,7.00E+05,3,2.5,2030,8398,2,0,0,4,9,2030,0,1975,0
9558020460,20140604T000000,427500,4,2.5,2460,5091,2,0,0,3,9,2460,0,2003,0
3260570260,20141204T000000,550000,4,3.5,3540,4750,2,0,0,3,10,3540,0,2003,0
1508210230,20150428T000000,567000,3,2.25,1800,6875,1,0,0,4,8,1230,570,1974,0
3904920390,20140710T000000,545000,3,2.5,2060,7184,2,0,0,3,8,2060,0,1987,0
6414600070,20140617T000000,210000,1,1,930,7129,1,0,0,3,6,930,0,1948,0
8029770410,20150420T000000,650000,4,2.5,3160,8530,2,0,0,3,9,3160,0,2006,0
7660600131,20141020T000000,374950,2,2.25,1240,1172,2,0,0,3,8,1000,240,2008,0
3869900146,20141030T000000,306500,2,1,840,892,2,0,0,3,7,840,0,2006,0
924059233,20141208T000000,659000,4,2,2350,9329,2,0,0,3,8,2350,0,1977,0
1025079086,20140820T000000,365000,2,1,960,223898,1,0,0,3,6,960,0,1985,0
4025300371,20150408T000000,392500,3,1,1660,8839,1,0,0,4,7,1660,0,1947,0
3715500110,20141201T000000,427000,3,1.75,1680,8610,1,0,0,4,7,1290,390,1969,0
8731800210,20140711T000000,235000,3,2.5,2350,9051,1,0,0,4,8,1570,780,1966,0
3438500796,20150430T000000,310000,3,1.5,1060,6954,1,0,0,4,6,1060,0,1983,0
2595300155,20150224T000000,565000,4,1.5,2190,8296,2,0,0,3,7,2190,0,1935,1963
6145600285,20140529T000000,3.00E+05,2,1,820,3844,1,0,0,4,6,820,0,1916,0
1930301220,20150417T000000,575000,3,1,1530,2400,1,0,0,4,7,890,640,1928,0
6713100031,20150211T000000,476000,3,2.25,1570,7187,1,0,0,4,8,1170,400,1980,0
3904901710,20150224T000000,435500,3,2.25,1450,4789,2,0,0,3,7,1450,0,1985,0
2424059163,20140709T000000,1240000,5,3.5,5430,10327,2,0,2,3,10,4010,1420,2007,0
8815400410,20150403T000000,860000,4,1.75,1890,4500,2,0,0,5,7,1490,400,1937,0
7215410430,20140728T000000,476000,4,2.5,2740,33158,2,0,0,3,9,2740,0,1993,0
7821200375,20150126T000000,432000,2,1,960,3235,1,0,0,4,7,960,0,1916,0
5559200020,20150227T000000,248500,3,2,1240,12285,1,0,0,3,7,620,620,1939,1991
3205400290,20150406T000000,420200,3,1.75,1320,7280,1,0,0,3,7,1320,0,1968,0
2791500280,20141119T000000,246000,3,2.5,1650,6675,1,0,0,3,8,1290,360,1990,0
520069032,20140716T000000,267300,3,1.75,1890,93218,1,0,0,4,7,1890,0,1964,0
8929000270,20140512T000000,453246,3,2.5,2010,2287,2,0,0,3,8,1390,620,2014,0
625049318,20140804T000000,605000,4,2,1820,7626,1,0,0,5,7,990,830,1941,0
1839920180,20150318T000000,460000,3,2.25,1620,7350,1,0,0,3,7,1170,450,1969,0
984000450,20141201T000000,260000,3,2.5,1850,7875,1,0,0,3,7,1250,600,1968,0
8651611130,20140605T000000,798000,3,3.5,3590,6402,2,0,0,3,10,3590,0,1999,0
6928000620,20150218T000000,590000,5,3,3480,6625,2,0,0,3,8,3480,0,2012,0
3348401740,20150127T000000,188000,2,1.5,1120,17487,1,0,0,3,6,1120,0,1924,0
1428001160,20150420T000000,550000,3,1.75,1890,100623,1,0,3,3,8,1890,0,1978,0
1819800042,20141114T000000,460000,2,1,880,3300,1,0,0,4,7,880,0,1909,0
8965500020,20150317T000000,780000,3,2.5,2110,9773,1,0,0,3,9,2110,0,1986,0
321079066,20150423T000000,430000,3,1.5,1810,349351,1.5,0,0,3,7,1810,0,2002,0
1423049019,20150331T000000,220000,2,1,580,7500,1,0,0,3,5,580,0,1943,0
8691440440,20141003T000000,882990,4,3.5,3560,6562,2,0,0,3,10,3560,0,2014,0
9834200390,20150512T000000,670000,3,1.5,1220,4080,1.5,0,0,5,7,1220,0,1914,0
6600000330,20140627T000000,718500,3,1.5,1200,6240,1,0,0,3,8,1030,170,1952,0
9828700685,20150513T000000,9.00E+05,3,1.75,1540,8400,1.5,0,0,3,7,1540,0,1902,0
2558700090,20140506T000000,455000,5,2.5,2240,7770,1,0,0,3,7,1340,900,1978,0
7167000040,20150305T000000,7.00E+05,4,3,3350,199253,2,0,0,3,10,3350,0,2004,0
5631500191,20150326T000000,595000,3,2.5,2550,6677,2,0,0,3,8,2550,0,2002,0
3530400080,20141226T000000,255000,2,2,1360,5433,1,0,0,3,8,1360,0,1974,2003
4310701575,20140610T000000,429000,3,3.25,1410,1246,3,0,0,3,8,1410,0,2005,0
7429000240,20141118T000000,422500,4,2.5,2550,8824,2,0,0,3,9,2550,0,1990,0
475000187,20150501T000000,452950,3,2.5,1150,1194,2,0,0,3,8,1020,130,2006,0
9274200735,20150507T000000,567500,4,1.75,2190,5060,1,0,0,3,7,1190,1000,1950,0
1523560030,20150325T000000,689000,4,2.5,2110,6069,2,0,0,3,9,2110,0,1999,0
2770604365,20140623T000000,649950,3,2.5,1500,1375,2,0,0,3,9,1200,300,2014,0
2597490660,20140624T000000,639888,4,2.5,2050,2772,2,0,0,3,8,2050,0,2012,0
925069042,20150105T000000,713000,4,3.25,2840,54400,1,0,0,4,8,2840,0,1984,0
7305300470,20141201T000000,345000,2,1.75,1820,8409,1,0,0,4,6,910,910,1948,0
4139910160,20150401T000000,1600000,5,3.25,4320,32840,2,0,0,3,12,4320,0,1990,0
5070000100,20140711T000000,205000,3,1.5,1820,8585,1,0,0,4,7,1820,0,1962,0
844000965,20140626T000000,224000,3,1.75,1500,11968,1,0,0,3,6,1500,0,2014,0
1912100875,20150423T000000,555000,2,2.25,1370,1248,2,0,0,3,7,1200,170,2000,0
65000260,20140820T000000,830000,3,2.5,3370,6550,2,0,2,4,8,2840,530,1912,2001
3623059101,20140811T000000,420000,3,3,2700,47050,2,0,0,4,9,1570,1130,1986,0
7525300310,20140619T000000,580000,4,2.25,2160,9593,1,0,0,3,8,2160,0,1969,0
6071900070,20140622T000000,5.00E+05,4,2.5,2040,8400,1,0,0,3,8,1420,620,1963,0
1370800825,20140823T000000,1298000,4,2.25,2860,5658,2,0,3,3,10,2130,730,1933,0
6751500285,20140731T000000,555700,3,2,1810,12420,1,0,0,4,7,1810,0,1957,0
8669160460,20150305T000000,289950,3,2.5,2099,4275,2,0,0,3,7,2099,0,2010,0
2391602500,20140515T000000,512500,3,2.5,1840,2875,2,0,0,4,7,1840,0,1997,0
6649900090,20150418T000000,887000,3,2,3000,22040,2,0,2,4,8,2470,530,1942,0
4022906430,20140630T000000,560000,3,2.25,2070,15002,1.5,0,0,3,8,2070,0,1955,2013
2475900170,20150429T000000,303000,4,1,2300,9583,1,0,0,3,6,1220,1080,1928,0
7129800036,20150114T000000,109000,2,0.5,580,6900,1,0,0,3,5,580,0,1941,0
7518507685,20150223T000000,4.00E+05,3,1,1100,5100,2,0,0,4,7,1100,0,1900,0
6806300750,20150318T000000,444900,4,2.5,3120,7448,2,0,0,3,9,3120,0,1998,0
3126049261,20150316T000000,259250,3,1,940,5904,1,0,0,3,6,940,0,1947,0
1891100130,20150417T000000,639000,3,2.25,1400,2421,2,0,0,3,9,1400,0,2005,0
3345100002,20141217T000000,730000,4,2.75,3440,8150,2,0,0,3,10,3440,0,2014,0
4292300024,20150302T000000,350000,3,1.5,1430,12199,1,0,0,3,7,1130,300,1948,0
9545200180,20141126T000000,575000,3,1.75,2270,10136,2,0,0,3,8,2270,0,1979,0
7852090820,20140729T000000,539900,3,2.5,2500,4203,2,0,0,3,8,2500,0,2001,0
4427100025,20140509T000000,270000,3,1.5,1500,6337,1,0,0,5,7,1500,0,1953,0
2817100430,20150511T000000,389000,3,2,2080,12972,1,0,0,4,7,1250,830,1981,0
8732130730,20141120T000000,280000,3,1.75,1770,8240,1,0,0,4,7,1240,530,1978,0
5288200070,20140730T000000,450000,3,1,1450,3350,1.5,0,0,4,7,1450,0,1919,0
4036400110,20150129T000000,3.00E+05,3,2.75,2340,12282,1,0,2,3,8,1470,870,1978,0
3876311490,20140724T000000,580000,4,2.75,3210,6825,1,0,0,5,7,1810,1400,1975,0
1189000910,20140708T000000,517000,2,1.5,1920,3408,1,0,0,4,7,960,960,1912,0
4070700290,20150226T000000,899000,3,2.5,1950,3730,2,0,0,3,9,1950,0,1996,0
9536600010,20141223T000000,520000,4,0.75,1960,8277,1,1,4,4,7,1320,640,1923,1986
2726049071,20150408T000000,489950,2,1,820,4206,1,0,0,3,5,820,0,1949,0
3235100110,20141202T000000,280000,3,1,940,7913,1,0,0,3,6,940,0,1948,0
1702900624,20140527T000000,370000,2,2.25,1280,835,2,0,0,3,7,1080,200,2009,0
2597460090,20150316T000000,1195000,3,2.25,3070,9645,2,0,0,3,10,2110,960,1987,0
984100010,20140930T000000,3.00E+05,4,2.25,2080,7700,1,0,0,3,7,1450,630,1968,0
452001540,20140818T000000,554600,3,1.75,1470,5000,1.5,0,0,5,7,1470,0,1900,0
7129303180,20141002T000000,310000,3,2,1290,6150,1,0,1,5,6,1290,0,1950,0
3760500116,20141120T000000,3070000,3,2.5,3930,55867,1,1,4,4,8,2330,1600,1957,0
2126059294,20150105T000000,960000,4,4.5,3720,7746,2,0,0,3,10,3720,0,2014,0
6377200010,20141208T000000,2175000,4,3,4750,21701,1.5,0,0,5,11,4750,0,1976,0
1498302783,20140519T000000,333000,4,2,1580,7800,2,0,0,2,6,1580,0,1906,0
65000085,20140708T000000,430000,3,2,1550,6039,1,0,0,5,7,830,720,1942,0
2551500220,20140815T000000,330000,3,1,1040,11900,1,0,0,5,6,1040,0,1972,0
8673400052,20150403T000000,560000,3,2.75,1370,1193,3,0,0,3,8,1370,0,2003,0
6072000440,20150206T000000,620000,5,3,2540,11422,1,0,0,3,8,1270,1270,1962,2014
9191200435,20141113T000000,471000,4,1.75,1450,3750,1,0,0,4,7,950,500,1925,0
1545800290,20140905T000000,215000,4,2.5,1700,6675,2,0,0,3,7,1700,0,1997,0
1459920010,20150323T000000,3.00E+05,3,2,1451,7159,1,0,0,3,7,1451,0,2010,0
7853310150,20140722T000000,625000,5,1,3240,5324,2,0,0,3,9,3240,0,2007,0
8691450120,20150227T000000,908990,4,2.75,3530,6844,2,0,0,3,10,3530,0,2014,0
8010100220,20141014T000000,999950,4,3.5,3310,4684,2,0,0,3,9,2290,1020,2014,0
6187700175,20141223T000000,440000,3,1.75,1640,8529,1,0,0,5,7,1640,0,1951,0
200520120,20140701T000000,570000,4,2.5,2590,8483,2,0,0,3,9,2590,0,1991,0
2608300035,20140527T000000,329000,3,1,1600,5952,1,0,0,4,7,1150,450,1964,0
8651410090,20150508T000000,209000,2,1,840,5265,1,0,0,5,6,840,0,1969,0
3444100400,20150316T000000,349000,3,1.75,1790,50529,1,0,0,5,7,1090,700,1965,0
1860600840,20140815T000000,925000,3,3,2560,3600,2,0,0,3,10,2110,450,1994,0
8651520400,20140612T000000,610750,4,2.25,2180,7297,2,0,0,3,8,2180,0,1984,0
4027700726,20140908T000000,470101,4,2.5,2320,7800,2,0,0,3,8,2320,0,1986,0
1972200847,20140718T000000,625000,3,2.5,1730,1301,3,0,0,3,9,1730,0,2011,0
1545801410,20150128T000000,276900,3,2.5,1620,7320,2,0,0,3,7,1620,0,1989,0
3448002285,20140702T000000,475000,4,2,2100,13468,1,0,0,5,7,1050,1050,1962,0
224069102,20140908T000000,615000,3,2,1860,42800,1,0,0,4,7,930,930,1983,0
1931300412,20150416T000000,475000,3,2.25,1190,1200,3,0,0,3,8,1190,0,2008,0
6802200110,20141029T000000,231200,3,2,1400,8821,1,0,0,3,7,1400,0,1991,0
4136930310,20141106T000000,360000,4,2.5,2390,7115,2,0,0,3,9,2390,0,1999,0
4045500510,20140521T000000,420850,1,1,960,40946,1,0,0,5,5,960,0,1945,0
8078100120,20150319T000000,340000,4,2.5,2170,19785,2,0,0,3,8,2170,0,1992,0
8565900160,20150326T000000,995000,4,2.25,2340,13406,1,0,0,4,9,2340,0,1963,0
8899200720,20150331T000000,312000,3,2.25,1470,7857,1,0,0,4,7,1180,290,1973,0
7135520610,20140529T000000,950000,4,3.5,4140,13392,2,0,0,3,11,4140,0,2000,0
629650370,20150123T000000,250000,3,2.5,1750,6351,2,0,0,3,7,1750,0,2012,0
7696620100,20150422T000000,254999,3,1,1580,7560,1,0,0,4,7,1000,580,1976,0
9828702266,20141003T000000,520000,3,2.5,1480,1165,3,0,0,3,8,1480,0,2006,0
2301400640,20140717T000000,891000,4,2,2330,5000,1.5,0,0,5,7,1720,610,1925,0
7853320550,20140805T000000,425000,4,2.5,2070,4427,2,0,0,3,7,2070,0,2007,0
5450900010,20140821T000000,993500,4,2.25,4070,23321,2,0,0,4,10,4070,0,1968,0
7010700976,20141114T000000,505000,3,1,1100,5400,1.5,0,0,3,7,1100,0,1908,0
104550540,20150120T000000,259950,4,2,1610,6650,1,0,0,3,7,1610,0,1989,0
2770604081,20150305T000000,629950,3,2.5,1680,1683,2,0,0,3,9,1120,560,2014,0
345700340,20140610T000000,306888,2,1.5,1010,7719,2,0,0,3,7,1010,0,1981,0
3625059043,20140904T000000,3300000,5,4.75,6200,13873,2,1,4,4,11,4440,1760,1989,0
5727500006,20150427T000000,679990,4,2.75,3320,8653,2,0,0,3,8,3320,0,2014,0
5151600340,20140709T000000,290000,3,1.5,1950,15954,1,0,0,4,8,1950,0,1959,0
7852190410,20140626T000000,6.00E+05,3,2.5,3240,8016,2,0,0,3,8,2910,330,2004,0
3222049151,20141030T000000,820000,3,2.5,2990,10711,1,1,4,3,9,1560,1430,1976,1991
8832900135,20150113T000000,769000,5,2.25,3320,13138,1,0,2,4,9,1900,1420,1964,0
4309720160,20141107T000000,785000,3,2.5,2930,33981,2,0,2,3,9,2930,0,2000,0
2787700580,20141028T000000,309500,3,1,1250,7320,1,0,0,3,7,1250,0,1968,0
425400115,20140715T000000,237000,3,1,1160,6132,1,0,0,4,7,1160,0,1958,0
2979800520,20140603T000000,605000,5,2.75,2740,5616,1.5,0,0,5,7,1670,1070,1925,0
7129302095,20150213T000000,265000,3,1,1122,6554,1.5,0,0,3,5,1122,0,1900,0
1250202145,20140828T000000,1072000,2,2.25,3900,14864,1,0,3,3,8,1950,1950,1947,0
5249800345,20140619T000000,590300,3,1.5,1470,7200,2,0,0,4,7,1470,0,1907,0
2124049229,20150302T000000,469000,4,2.5,2240,5624,1,0,0,3,7,1520,720,1961,0
3575305452,20140717T000000,635000,4,2.25,2240,5000,2,0,0,3,8,2240,0,2013,0
452002005,20150121T000000,452000,2,1,980,5000,1,0,0,3,6,980,0,1904,0
1310960190,20141021T000000,263000,3,1.75,1660,7210,1,0,0,4,7,1660,0,1977,0
6632300477,20141006T000000,324950,3,1,1040,7288,1,0,0,3,7,1040,0,1959,0
7222000393,20140703T000000,290000,3,1,1440,11250,1,0,0,3,7,1440,0,1967,0
2652501470,20140521T000000,1220000,4,2.5,3240,3600,2,0,0,3,9,2060,1180,2008,0
430000175,20141215T000000,550000,3,1.75,1520,5618,1,0,0,3,7,1170,350,1953,0
106000320,20141031T000000,401000,2,1,840,8100,1,0,0,4,7,840,0,1948,0
8645530010,20150325T000000,295000,3,2,1400,7384,1,0,0,3,7,1150,250,1979,0
7335400215,20150505T000000,95000,1,0.75,760,5746,1,0,0,4,5,760,0,1915,0
1877500090,20150211T000000,756000,3,2.5,3560,8297,1,0,2,4,8,1650,1910,1948,0
3425059066,20140812T000000,618000,5,1.75,1880,18295,1,0,0,4,7,1880,0,1955,0
3580900200,20140617T000000,440000,4,2,1450,8400,1.5,0,0,4,7,1450,0,1962,0
5100403321,20150318T000000,438000,2,1,1120,6380,1,0,0,3,7,1120,0,1942,1994
1980200236,20150417T000000,649950,3,2.5,2420,6847,2,0,0,3,9,2420,0,2009,0
9547202890,20150120T000000,596000,2,1,1040,4880,1,0,0,3,7,1040,0,1910,1975
4403600240,20150113T000000,832000,4,2.25,3190,52953,2,0,0,4,10,3190,0,1980,0
7812800515,20141025T000000,159075,4,1.5,1580,6200,1,0,0,3,6,790,790,1944,0
1159400220,20140529T000000,790000,5,3.25,2900,12160,1,0,0,4,8,1890,1010,1967,0
7694800270,20150420T000000,636000,3,2.5,2140,2770,2,0,0,3,8,1770,370,2007,0
3438500037,20150405T000000,545000,5,4,1680,7268,1,0,0,3,8,1370,310,2008,0
2781250110,20150428T000000,360000,4,2.5,2640,7388,2,0,0,3,7,2640,0,2003,0
7625703435,20150121T000000,885000,3,2.25,2940,6500,3,0,0,3,9,2940,0,2014,0
1563102880,20140621T000000,849000,4,2,2160,6300,1.5,0,1,4,8,2160,0,1928,0
3213200180,20150505T000000,700180,2,1.75,1530,4387,1,0,0,3,8,1020,510,1952,0
4327100045,20140721T000000,3.00E+05,5,1,1940,8875,1,0,0,3,7,1940,0,1957,0
952001495,20150306T000000,588000,4,1.75,2170,5750,1,0,2,3,7,1370,800,1975,0
104510230,20141119T000000,252000,3,2,1540,7210,2,0,0,4,7,1540,0,1984,0
2911700010,20150303T000000,1080000,3,2.5,2240,21477,2,0,2,3,8,2240,0,1995,0
7301300050,20141119T000000,375000,3,2.5,1930,6180,1,0,0,3,7,1330,600,1961,0
3388000040,20140819T000000,260000,5,1,1600,7350,1,0,0,5,7,1600,0,1962,0
6649900030,20150505T000000,485000,3,2,1590,11222,1,0,0,4,7,1590,0,1948,0
7853380480,20140529T000000,650880,3,2.5,2930,6050,2,0,0,3,9,2930,0,2008,0
5468750040,20150126T000000,415000,4,4,2740,8250,2,0,0,4,9,2740,0,1990,0
2768301217,20150506T000000,580000,3,2.5,1980,1873,2,0,0,3,7,1470,510,1996,0
2768301482,20140821T000000,490000,3,2.25,1280,1520,2,0,0,3,8,1080,200,2008,0
1555200590,20141223T000000,206000,3,1,920,8400,1,0,0,3,7,920,0,1963,0
1604590190,20150513T000000,775000,5,3.5,3730,16679,1,0,0,3,10,2760,970,1990,0
7859910110,20140918T000000,353900,3,2.5,2517,3900,2,0,0,3,8,2517,0,2014,0
3125079062,20150426T000000,589000,3,2.5,2660,206480,1,0,0,3,8,2660,0,1989,0
9834200165,20150406T000000,704300,4,1.5,1790,4080,1.5,0,0,5,7,1790,0,1928,0
2660500095,20150506T000000,715000,4,1,1710,6050,1.5,0,0,3,7,1410,300,1913,0
585000095,20141216T000000,625000,3,2.5,2180,5000,1,0,0,4,8,1240,940,1977,0
6414100560,20140618T000000,475000,3,1.75,1700,8432,1,0,0,3,8,1230,470,1977,0
1723049033,20140620T000000,245000,1,0.75,380,15000,1,0,0,3,5,380,0,1963,0
8100000060,20140729T000000,208000,3,1.75,1070,7200,1,0,0,3,7,1070,0,1994,0
7384500110,20140723T000000,685000,3,2.5,3450,8000,3,0,0,4,8,2970,480,1927,1975
5710610430,20150313T000000,517500,3,1.75,1810,10625,1,0,0,3,8,1370,440,1973,0
7818900060,20140708T000000,458400,4,2.5,1910,10300,1,0,0,3,8,1910,0,1921,1968
8056000075,20140521T000000,1065000,2,1.75,1890,9466,2,0,0,3,8,1890,0,1987,0
5561300480,20150408T000000,6.00E+05,7,2.25,3170,36384,2,0,0,3,8,3170,0,1969,0
7760400900,20140916T000000,279000,4,2.5,2040,8076,2,0,0,3,7,2040,0,1994,0
2988800011,20150414T000000,244000,3,1,2000,15900,1,0,0,3,6,1000,1000,1948,0
259800680,20140805T000000,534000,4,2.25,2130,7210,1,0,0,5,7,1330,800,1965,0
2768100040,20140701T000000,515000,2,1,1050,5000,1,0,0,5,7,1050,0,1907,0
7558700030,20150413T000000,5300000,6,6,7390,24829,2,1,4,4,12,5000,2390,1991,0
1523300180,20140709T000000,321500,1,1,730,1942,1,0,0,3,7,730,0,2008,0
1282300995,20150222T000000,365000,3,2.25,1310,915,2,0,0,3,7,1060,250,2007,0
5021900140,20141120T000000,1679000,5,4.25,4830,11466,2,0,0,3,10,3720,1110,2014,0
3512100110,20140902T000000,275436,4,2.75,2170,9658,1.5,0,0,3,7,2170,0,1966,0
1312920060,20141212T000000,265000,3,2.25,1630,10969,2,0,0,3,7,1630,0,1991,0
6654700250,20140812T000000,381000,5,2.75,3060,6895,2,0,0,3,8,3060,0,2003,0
7454000990,20140924T000000,304950,2,1,670,6720,1,0,0,5,6,670,0,1942,0
3275790140,20141230T000000,739000,3,2.5,2750,16000,2,0,0,4,9,2560,190,1981,0
952003435,20140826T000000,420000,2,1,820,4025,1,0,2,5,6,820,0,1922,0
561500290,20140711T000000,315000,3,1.75,1660,37642,1,0,0,4,7,1660,0,1991,0
1118500010,20150327T000000,875000,5,3.25,4230,21455,2,0,0,3,10,2720,1510,1990,0
6372000190,20140826T000000,745000,4,2,1960,4520,1,0,0,3,8,960,1000,1922,2001
2267000453,20140627T000000,415000,3,2.5,1060,1536,2,0,0,3,8,1060,0,2000,0
7525410190,20140502T000000,550000,3,1.75,2910,35200,1.5,0,0,3,8,2910,0,1979,0
3649100031,20150305T000000,345000,4,1,2020,18150,1,0,0,4,7,2020,0,1955,0
3278600320,20140723T000000,465000,3,2.5,2150,4084,2,0,0,3,8,2150,0,2007,0
3751604653,20140826T000000,205000,3,1,1370,10708,1,0,0,3,7,1370,0,1969,0
9414500480,20150407T000000,503000,3,1.75,2070,9827,1,0,0,4,7,1420,650,1967,0
7548301050,20150402T000000,390000,2,1.5,1340,1402,2,0,0,3,8,1120,220,2008,0
1727500280,20140820T000000,480000,4,2.25,1770,7000,1,0,0,5,7,1770,0,1972,0
3630110360,20150422T000000,750000,5,3.5,2980,5809,2,0,2,3,8,2980,0,2005,0
2407900550,20150507T000000,448000,4,2.5,2230,5000,1,0,0,3,7,1650,580,2006,0
3831250130,20140825T000000,370000,3,2.5,2313,5700,2,0,0,3,9,2313,0,2011,0
3375300370,20150306T000000,262500,5,2.25,1950,8086,1,0,0,3,7,1130,820,1980,0
2738640040,20150409T000000,644000,4,2.5,3310,4839,2,0,0,3,9,3310,0,2007,0
8946700140,20141121T000000,395000,4,3,2500,6278,2,0,0,3,9,2500,0,2002,0
3783100080,20140604T000000,261000,3,1.5,1810,29308,1,0,0,3,7,950,860,1983,0
2770601734,20140630T000000,535000,3,1,1580,6300,1,0,0,3,7,1180,400,1925,0
2422049107,20140508T000000,350000,4,1.75,2250,13515,1,0,0,4,8,2150,100,1940,0
1180002075,20140825T000000,235000,3,1,1210,6000,1,0,0,3,7,1210,0,1930,0
7852010950,20141020T000000,543500,4,2.5,2550,5835,2,0,0,3,8,2550,0,1998,0
5018200155,20150121T000000,340000,3,1.75,2230,10403,1,0,0,3,8,1630,600,1968,0
7551300060,20140716T000000,470000,3,1,1010,5000,1,0,0,3,7,1010,0,1952,0
7215730930,20150112T000000,5.00E+05,3,2.5,1650,4648,2,0,0,3,8,1650,0,2001,0
8651411260,20141113T000000,128000,2,1,980,5393,1,0,0,3,6,980,0,1969,0
4101410050,20150421T000000,675000,4,1.75,1900,8800,1,0,0,3,8,1140,760,1975,0
922059161,20140922T000000,365000,3,2,2140,26600,1,0,0,4,7,2140,0,1983,0
625049359,20141203T000000,515000,3,2.25,1300,1180,3,0,0,3,8,1300,0,2008,0
3343301393,20150330T000000,789888,5,3.5,3300,7860,2,0,0,3,9,2410,890,2001,0
486000085,20140815T000000,866800,4,3.5,2970,5000,2,0,2,3,9,2200,770,2001,0
5363200180,20140515T000000,640000,4,2,2560,7798,1,0,0,4,7,1890,670,1947,0
1921059213,20150327T000000,246000,5,1.75,2030,10200,1,0,0,4,7,2030,0,1958,0
1310910290,20150507T000000,327500,4,2.25,2240,9600,2,0,0,3,8,2240,0,1971,0
3630020380,20141107T000000,379770,3,2.5,1470,1779,2,0,0,3,8,1160,310,2005,0
3756600240,20150319T000000,379000,3,1,1140,10320,1,0,0,4,7,1140,0,1963,0
6071400360,20140908T000000,550000,4,2.5,2120,9163,1,0,0,4,8,1450,670,1961,0
3645100280,20140613T000000,385000,3,2.25,1920,4833,1,0,0,4,7,1060,860,1921,0
5160700035,20150422T000000,431000,2,1.5,1300,4000,1.5,0,0,4,6,1300,0,1900,0
4218400671,20150505T000000,1655000,4,2.25,3530,5500,2,0,0,3,8,2860,670,1940,0
2475200590,20150421T000000,244000,3,1.75,1460,4692,1,0,0,3,7,1460,0,1988,0
1921069068,20150429T000000,4.00E+05,4,2.5,3030,180263,2,0,0,3,7,2030,1000,1987,0
809001965,20140729T000000,707000,3,1.5,1980,4000,2,0,0,3,8,1980,0,1919,0
2781250610,20141202T000000,250000,3,2,1470,2781,2,0,0,3,6,1470,0,2003,0
4189800050,20140520T000000,335000,3,1,1060,10050,1,0,0,4,7,1060,0,1967,0
8091410080,20140729T000000,267500,3,1.75,1650,7807,1,0,0,3,7,1650,0,1986,0
1236300307,20140905T000000,565000,3,2.25,1700,8800,1,0,0,5,7,850,850,1969,0
3024059149,20141112T000000,1065000,4,2.25,3240,12930,2,0,0,4,9,2730,510,1968,0
9382200121,20140718T000000,187300,2,1,1310,7697,1,0,0,3,6,850,460,1950,0
7787400105,20150306T000000,1865000,4,2.5,2950,43560,1,0,2,4,9,2550,400,1951,0
4136930190,20141028T000000,427500,4,2.5,3160,8726,2,0,0,3,9,3160,0,1999,0
745530180,20150317T000000,870000,5,3.5,4495,10079,2,0,0,3,9,3580,915,2013,0
3010300240,20140623T000000,577000,3,2.5,2060,5750,1,0,0,3,7,1330,730,1976,0
1137300690,20150220T000000,369900,4,2.5,2820,33750,2,0,0,4,9,2820,0,1984,0
8651441210,20140801T000000,230000,3,2,1710,5200,1,0,0,5,7,1030,680,1977,0
3600072,20150330T000000,680000,4,2.75,2220,5310,1,0,0,5,7,1170,1050,1951,0
5459300040,20140813T000000,715000,4,2.5,2450,7700,1,0,0,3,8,1250,1200,1958,0
240000269,20150124T000000,530000,4,4.5,4060,10800,2,0,0,3,10,4060,0,2007,0
3904910650,20150316T000000,585000,3,2.5,2060,10839,2,0,0,3,8,2060,0,1987,0
6600410480,20140828T000000,179900,3,1,1010,9920,1,0,0,3,6,1010,0,1977,0
9113200290,20140625T000000,725000,4,2.5,2490,5170,2,0,0,4,9,2490,0,2000,0
6791400070,20150126T000000,350000,3,2.5,2040,13590,2,0,0,3,8,2040,0,2009,0
1041440360,20150105T000000,299999,4,2.5,1981,4828,2,0,0,3,8,1981,0,2013,0
1421079007,20150324T000000,408506,3,2.75,2480,209199,1.5,0,0,3,8,1870,610,2000,0
4178300070,20141226T000000,795000,4,2.5,2920,14210,2,0,0,4,10,2920,0,1978,0
2525049086,20141003T000000,2720000,4,3.25,3990,18115,2,0,0,4,11,3990,0,1989,0
7550800915,20150219T000000,417200,2,1,1000,4000,1,0,0,3,6,1000,0,1910,0
1266200140,20150506T000000,1850000,4,3.25,4160,10335,2,0,0,3,10,4160,0,2014,0
5425700205,20140520T000000,1800000,4,3.5,4460,16953,1,0,0,3,9,2550,1910,1962,1994
8078350100,20141204T000000,626100,4,2.5,2280,7219,2,0,0,4,8,2280,0,1987,0
1243100191,20150122T000000,372000,3,1,2298,10140,1,0,0,3,7,2298,0,1969,0
9829200590,20141028T000000,759000,3,2.75,1960,6390,1.5,0,2,5,8,1960,0,1900,0
7960100220,20150416T000000,710000,4,2.75,2460,3600,2,0,0,3,8,1640,820,1907,2007
1125079111,20150415T000000,1600000,4,5.5,6530,871200,2,0,2,3,11,6530,0,2008,0
1137400050,20140925T000000,425000,4,2.5,2480,4504,2,0,0,3,7,2480,0,2005,0
7518500985,20140903T000000,591500,4,2.5,1690,4080,1.5,0,0,4,7,1140,550,1912,0
9136103136,20150313T000000,580000,2,1,860,4013,1,0,0,3,7,860,0,1925,0
6140100022,20140826T000000,345000,3,3.25,1600,1882,2,0,0,3,8,1360,240,2000,0
2475200330,20150403T000000,350000,3,2.25,2010,4400,1.5,0,0,3,7,2010,0,1986,0
4376800010,20140814T000000,610000,4,2.25,1960,9021,2,0,0,4,8,1960,0,1973,0
1829300130,20140717T000000,795000,4,2.5,3160,16564,2,0,0,3,10,3160,0,1987,0
1370802600,20140703T000000,1015000,3,3.25,3620,4000,2,0,0,3,10,2730,890,2005,0
1337300145,20140721T000000,1800000,4,2.5,3320,8325,2.5,0,0,5,10,3320,0,1905,0
8651402750,20150218T000000,132825,3,1.5,1210,5200,1,0,0,5,6,1210,0,1969,0
8887001140,20140723T000000,562000,3,3,3290,80471,2,0,2,4,8,2330,960,1975,0
1868900675,20140912T000000,895000,4,2.75,2640,4000,2,0,0,5,8,1730,910,1925,0
200520080,20140801T000000,595000,3,2.5,2660,10637,2,0,0,3,9,2660,0,1991,0
4031000460,20140610T000000,199500,3,1,920,9812,1,0,0,4,7,920,0,1962,0
6326000205,20140812T000000,290000,4,1.75,2340,7200,1,0,0,3,8,1590,750,1960,0
8021700725,20140904T000000,422500,3,2,1300,2250,2,0,0,3,7,1300,0,1988,0
3629910470,20140729T000000,590000,3,2.5,2110,3870,2,0,0,3,9,2110,0,2004,0
2422059111,20140620T000000,291000,3,1.5,1860,60960,1,0,0,4,7,1140,720,1967,0
2426059103,20150422T000000,872000,4,2.25,2860,40284,2,0,0,3,10,2860,0,1983,0
6300500875,20140514T000000,385000,4,1.75,1620,4980,1,0,0,4,7,860,760,1947,0
3223069118,20140616T000000,554000,3,3.5,3380,108900,2,0,0,3,9,2700,680,1999,0
7132300525,20150411T000000,5.00E+05,3,1.75,1530,825,3,0,0,3,8,1530,0,2015,0
2354300845,20140804T000000,210000,3,1,1020,6000,1,0,0,3,5,1020,0,1900,0
4303200555,20140815T000000,265000,2,1,770,5160,1,0,0,3,6,770,0,1943,0
9828201920,20150304T000000,360000,3,1,1280,3870,1,0,0,3,7,640,640,1945,0
7956200220,20140811T000000,169500,3,1,1060,10023,1,0,0,3,6,1060,0,1962,0
8682281600,20140708T000000,592350,2,2,1570,4665,1,0,0,3,8,1570,0,2006,0
2224079086,20141110T000000,520000,3,1.75,1430,53628,2,0,0,3,8,1430,0,1985,0
1062100075,20150503T000000,455000,2,1,980,5000,1,0,0,4,7,980,0,1950,0
1683600110,20150305T000000,230000,3,1.75,1720,9125,1,0,0,4,7,1140,580,1981,0
3751601171,20141007T000000,229500,3,1.5,1810,14400,1,0,0,4,7,1810,0,1954,0
4237900645,20141010T000000,475000,2,1.75,1320,3420,1,0,1,3,7,1080,240,1955,0
1735800050,20150409T000000,142500,1,1,690,6825,1,0,0,4,5,690,0,1917,0
8898700120,20140604T000000,4.00E+05,3,2,2260,11305,1,0,0,3,7,1130,1130,1986,0
7197350050,20140701T000000,507500,3,1.75,1990,9594,1,0,0,3,8,1190,800,1977,0
1775801260,20150311T000000,425000,4,2.5,1930,14196,1,0,0,4,7,1330,600,1977,0
6123000090,20140908T000000,267000,3,1.5,1030,8223,1,0,0,4,7,1030,0,1952,0
5126210280,20140926T000000,560000,3,2.5,3440,103672,2,0,0,3,9,3440,0,1990,0
7504050090,20150412T000000,720000,3,2.5,2820,14250,2,0,0,3,11,2820,0,1991,0
2421039075,20141106T000000,195000,3,1.75,1190,14777,1,0,0,4,7,1190,0,1965,0
6751300375,20140702T000000,415000,3,1,1520,9030,1,0,0,3,7,1520,0,1956,0
9407100310,20141113T000000,312620,3,2.5,1260,11877,1,0,0,3,7,1260,0,1975,0
5151600170,20141016T000000,285000,3,1.5,1780,12231,1,0,0,4,8,1780,0,1956,0
8691370330,20141029T000000,695000,4,2.75,2660,7389,2,0,0,3,9,2660,0,2002,0
993002325,20140623T000000,430000,2,1.5,950,4625,1,0,0,4,7,950,0,1949,0
7853270710,20150409T000000,690000,5,3.25,3340,9075,2,0,0,3,8,2600,740,2005,0
3876312290,20141121T000000,405000,3,1.75,1520,7252,1,0,0,3,7,1140,380,1975,0
5381000082,20150108T000000,185000,2,1,670,6750,1,0,0,4,5,670,0,1947,0
2204500550,20140717T000000,425000,4,1,1800,12485,1,0,0,5,7,950,850,1955,0
4331400090,20140528T000000,270000,3,1.5,1430,8960,1,0,0,4,6,1430,0,1953,0
6052400625,20150326T000000,406000,4,1.5,1920,6000,2,0,1,3,7,1920,0,1951,0
7899800905,20150503T000000,475000,3,1.75,1150,10240,1,0,0,3,6,1030,120,1918,0
1727510030,20150312T000000,530000,3,2.25,1680,7262,1,0,0,5,7,1180,500,1973,0
686500030,20141202T000000,650000,6,2.75,3610,10003,1.5,0,0,4,8,3610,0,1966,0
3654200039,20150325T000000,390500,3,2.25,1530,1279,2,0,0,3,7,1116,414,2007,0
5015001045,20140826T000000,1045000,4,3,3560,4000,3,0,2,3,9,2970,590,1996,0
1524079188,20140729T000000,1862000,4,5.25,5240,320917,2,0,2,3,10,5240,0,2006,0
6145601510,20140822T000000,412000,3,1,1000,3844,1,0,0,5,7,900,100,1928,0
6380500135,20140527T000000,326100,2,1,880,7683,1,0,0,3,6,880,0,1942,0
1237500720,20141226T000000,275000,3,2,1340,9764,1,0,0,3,7,1340,0,1944,0
7199310170,20140616T000000,518000,4,2.5,1740,7500,1,0,0,4,7,1220,520,1976,0
5536100005,20140808T000000,2300000,7,4.75,5310,8816,2,0,0,3,10,3650,1660,2013,0
3630080190,20140801T000000,405000,3,2.5,1500,2314,2,0,0,3,7,1500,0,2005,0
1592000780,20140523T000000,625000,3,2.5,2600,10092,1,0,0,3,9,2600,0,1984,0
7504460200,20140717T000000,5.00E+05,3,2.25,1760,11946,2,0,0,3,8,1760,0,1978,0
3751603173,20140604T000000,212500,3,1,920,14400,1,0,0,4,7,920,0,1977,0
8945100530,20150313T000000,172380,3,1,970,8378,1,0,0,4,6,970,0,1962,0
1320069271,20140612T000000,342500,3,2,2080,11375,1,0,0,3,8,2080,0,2002,0
3885807362,20140604T000000,791000,3,2.25,2430,5500,2,0,0,3,8,1810,620,1989,0
5104200470,20150325T000000,436000,5,3,2720,9856,2,0,0,4,8,2720,0,1969,0
3438503120,20150330T000000,275000,4,1,1770,7345,1.5,0,0,3,7,1770,0,1966,0
7954300620,20150413T000000,555000,4,2.5,2450,5079,2,0,0,3,9,2450,0,2001,0
3352400661,20141110T000000,135900,2,1,760,3800,1,0,0,3,6,760,0,1950,0
6979970080,20140513T000000,525000,3,3.5,2876,5086,2,0,0,3,8,2360,516,2007,0
3459600440,20141125T000000,1310000,5,3,3650,16600,1,0,3,4,9,1860,1790,1978,0
7281300010,20140822T000000,1200000,3,3.5,4310,10842,2,0,2,3,10,3140,1170,1988,0
3066120030,20150127T000000,1575000,4,3.75,3810,9916,2,0,0,3,11,3810,0,1989,0
2191600780,20141010T000000,219000,2,1,1050,9000,1.5,0,0,4,7,1050,0,1984,0
9541600060,20140807T000000,799000,5,2.75,2500,19783,1,0,3,4,8,2500,0,1959,0
1524059027,20140506T000000,675000,2,1,930,36478,1,0,2,3,6,930,0,1951,0
7853420450,20140519T000000,575000,4,2.5,2500,4945,2,0,0,3,9,2500,0,2013,0
3824100166,20141122T000000,385000,4,1.75,1970,10358,1,0,0,3,8,1540,430,1977,0
7399100040,20150309T000000,185000,3,1.5,1200,1848,2,0,0,3,8,1200,0,1966,0
9407000990,20141010T000000,239900,2,1,910,9000,1,0,0,4,6,910,0,1983,0
6929603769,20140721T000000,253000,3,1,1400,9750,1,0,0,3,7,1400,0,1968,1998
6392001810,20140904T000000,507000,3,1,1180,6000,1,0,0,3,7,1180,0,1950,0
1121000095,20141105T000000,320000,2,1,1120,5329,1,0,1,3,6,750,370,1929,0
9285800755,20140714T000000,515000,3,2.5,1540,6100,1,0,0,3,6,770,770,1944,2014
624110110,20150222T000000,1063000,5,4.5,4820,13165,2,0,0,4,11,3950,870,1990,0
7635801371,20140725T000000,540000,4,1.5,2993,19400,2,0,0,4,7,2233,760,1921,0
2483200010,20141007T000000,690000,3,1.75,2070,6000,1,0,3,3,8,1340,730,1955,0
1085623350,20141007T000000,460940,4,2.5,3202,4964,2,0,0,3,9,3202,0,2014,0
1441600020,20140527T000000,960000,5,4,3720,15200,2,0,0,3,10,3720,0,2005,0
1442880570,20140821T000000,505657,4,2.75,2790,8092,2,0,0,3,8,2790,0,2013,0
2085200261,20150218T000000,422500,3,2,1960,6450,1,0,0,4,7,1000,960,1977,0
3797001895,20150422T000000,481000,3,1.75,1560,3000,1,0,0,4,6,770,790,1918,0
3225069239,20140707T000000,870000,4,3,3040,36246,1.5,0,0,3,9,2680,360,1923,2014
984210220,20141203T000000,271500,3,2.5,1490,8005,1,0,0,3,7,1090,400,1976,0
1395500020,20141107T000000,279900,3,1,1400,10800,1,0,0,3,6,1400,0,1962,0
1626069253,20140506T000000,483500,4,2.5,2740,45732,2,0,0,3,8,2740,0,1995,0
2473370750,20150224T000000,430000,3,1.75,3440,10428,1.5,0,0,5,8,3440,0,1974,0
7227501170,20140626T000000,235867,4,2,1330,5926,1,0,0,4,5,1330,0,1942,0
1788700160,20150220T000000,195000,3,1,1260,8378,1,0,0,4,6,840,420,1959,1977
9269200831,20140825T000000,392000,3,1,1090,6125,1,0,0,4,6,790,300,1945,0
7203120050,20141008T000000,789500,4,3.25,3240,4852,2,0,0,3,9,3240,0,2010,0
7312000240,20140623T000000,442000,4,2.5,2520,7253,2,0,0,3,9,2520,0,1990,0
7454001210,20140603T000000,239000,3,1,1040,6860,2,0,0,3,6,1040,0,1942,0
9408300310,20140624T000000,520000,3,1.75,2300,35722,1,0,0,3,9,2300,0,1984,0
9169600110,20150317T000000,510000,3,1.5,1730,6240,1,0,1,3,8,1000,730,1954,0
3824100211,20140626T000000,370000,3,1.5,2380,14500,1,0,0,4,7,1850,530,1961,0
8113101000,20140722T000000,336000,4,1,1780,4310,1.5,0,0,5,6,1780,0,1919,0
1588600045,20141215T000000,459000,2,1.75,1170,4887,1,0,0,3,6,1020,150,1929,0
3644100073,20141122T000000,245000,2,1,670,1675,1,0,0,5,6,670,0,1960,0
5466350120,20150311T000000,256500,3,2,1320,8568,1,0,0,3,7,1320,0,1993,0
7985000010,20150415T000000,251000,3,1.75,1350,10125,1,0,0,3,8,1350,0,1967,0
3336001515,20150511T000000,426250,4,1,1610,6000,1.5,0,0,4,7,1510,100,1905,0
1085610030,20140801T000000,725500,4,2.5,2790,74495,2,0,0,3,9,2790,0,1997,0
4137040250,20141021T000000,300499,4,2.5,2150,7944,2,0,0,3,8,2150,0,1990,0
4139460390,20140620T000000,995000,4,4.5,3850,13551,2,0,2,3,10,3000,850,1998,0
7202340820,20141028T000000,599000,4,2.5,2480,5000,2,0,0,3,7,2480,0,2004,0
2560800165,20150316T000000,180500,2,1,850,5000,1,0,0,3,6,850,0,1976,0
6743700030,20150401T000000,540000,4,2,2190,8402,2,0,0,4,6,2190,0,1928,0
5652601075,20140825T000000,377000,1,1,950,10585,1.5,0,0,3,6,950,0,1929,0
7680400140,20140626T000000,710000,3,3.25,3740,136915,2.5,0,0,3,11,3100,640,1990,0
7931000053,20141229T000000,362950,4,1.75,2140,159865,1,0,0,4,7,1140,1000,1960,0
3834000004,20150302T000000,350000,2,1.5,1150,7552,1,0,1,3,7,1150,0,1944,0
3629960680,20140926T000000,395000,2,2.25,1620,1841,2,0,0,3,8,1540,80,2004,0
3629970610,20140718T000000,435000,3,2.5,1600,2375,2,0,0,3,7,1600,0,2005,0
1422300140,20140905T000000,454000,3,2.5,2530,43733,2,0,0,3,8,1530,1000,1991,0
1710400005,20141119T000000,690000,3,2,1770,1800,3,0,0,3,8,1770,0,1999,0
8635750980,20140714T000000,570000,4,2.5,2640,4200,2,0,0,3,8,2640,0,1998,0
3758900150,20140826T000000,425000,2,1,1430,13300,1.5,0,0,3,6,1230,200,1921,0
2780400035,20140505T000000,665000,4,2.5,2800,5900,1,0,0,3,8,1660,1140,1963,0
2407000145,20150120T000000,197200,3,1,1140,8775,1,0,0,3,6,990,150,1942,0
3521069051,20141223T000000,330000,4,2.25,2380,122038,2,0,0,4,8,2380,0,1984,0
7760400210,20150224T000000,255000,3,2,1310,8454,1,0,0,3,7,1310,0,1994,0
9526600340,20150512T000000,729000,3,2.5,2440,4244,2,0,0,3,8,2440,0,2011,0
7135300026,20141224T000000,160000,2,2,1040,4750,1,0,0,2,6,850,190,1950,0
1703400470,20141219T000000,375000,2,1,980,3915,1,0,0,4,7,980,0,1919,0
3825310970,20140724T000000,845000,4,2.5,2940,7675,2,0,0,3,9,2940,0,2004,0
6150200005,20141023T000000,410500,3,1,1150,6800,1,0,0,3,7,1150,0,1954,0
5381000477,20150128T000000,399500,4,2.5,2560,7492,2,0,0,3,8,2560,0,2014,0
1774000200,20141202T000000,4.00E+05,3,1.75,1920,9102,1,0,0,3,7,1920,0,1968,0
4237901075,20150305T000000,733000,4,2.5,2210,5002,1,0,0,3,7,1370,840,1977,0
7518502030,20141117T000000,410000,4,2,1900,5100,1,0,0,3,6,950,950,1914,1973
3878900185,20141022T000000,303100,3,1.5,1640,5650,1,0,0,3,8,1640,0,1952,0
9282801950,20140818T000000,279000,4,1,1210,6000,1.5,0,2,3,7,1210,0,1943,0
1423900220,20140709T000000,252000,4,1.75,1120,8250,1,0,0,4,7,1120,0,1966,0
3583400120,20150204T000000,526750,5,2.5,2270,10700,1,0,0,4,8,1570,700,1963,0
8651710190,20141024T000000,502000,4,2.25,2140,10943,1,0,0,3,7,1550,590,1977,0
458000065,20140923T000000,542000,4,2.5,2020,3440,1.5,0,0,4,7,1480,540,1928,0
2122059236,20150306T000000,365070,4,2.5,2506,6232,2,0,0,3,7,2506,0,2006,0
4137000460,20150225T000000,249000,3,1.75,1520,7500,1,0,0,3,8,1520,0,1985,0
7525410120,20140905T000000,624500,6,3,3030,31920,1,0,0,4,8,1670,1360,1980,0
9187200345,20140709T000000,599000,7,2.5,2580,5750,1,0,0,4,7,1880,700,1901,0
7768700300,20141205T000000,2575000,4,4.25,5540,15408,2,0,1,3,11,4280,1260,2006,0
3422049276,20141211T000000,310000,3,1.75,1880,30346,1,0,0,3,8,1880,0,1988,0
2624300080,20140724T000000,825000,3,3,3730,35900,1,0,0,3,9,2960,770,1979,0
7785000260,20140709T000000,624800,3,2,2250,14274,1,0,0,4,8,1500,750,1964,0
328000182,20150501T000000,613500,3,3.25,1876,1531,3,0,0,3,9,1876,0,2009,0
7852050220,20140808T000000,345000,3,2.5,1540,3237,2,0,0,3,7,1540,0,1999,0
1226039130,20141009T000000,355000,3,2.25,1980,7200,1,0,0,3,8,1300,680,1964,0
6821100246,20140903T000000,415000,2,1,880,3200,1,0,0,3,7,880,0,1910,1970
9406550100,20140923T000000,325000,4,2.5,1930,8458,2,0,0,3,7,1930,0,1993,0
3876540630,20150227T000000,205500,3,2,1330,8748,1,0,0,3,7,1330,0,1986,0
7228501065,20140626T000000,750000,4,2.75,1750,5080,1.5,0,0,3,8,1750,0,1903,0
8928100025,20150324T000000,750000,4,1.5,1950,6300,1.5,0,1,3,7,1650,300,1944,0
7011200830,20140909T000000,783200,4,2,1590,5400,1,0,2,3,7,990,600,1900,0
3797000300,20140808T000000,405000,2,1,880,3000,1,0,0,5,7,880,0,1927,0
2762600035,20140909T000000,279000,3,1,1530,15975,1,0,0,3,7,970,560,1952,0
6790200110,20150102T000000,675000,5,2.75,2570,12906,2,0,0,3,8,2570,0,1987,0
1545806510,20140820T000000,260000,3,1.75,1340,8000,1,0,0,3,7,1340,0,1980,0
4338800685,20140819T000000,299999,4,2,1640,7200,1,0,0,5,6,820,820,1944,0
